Model,MAE_train,RMSE_train,R2_train,MAE_test,RMSE_test,R2_test
Random Forest,1.8284635416666666,2.296572388479514,0.9766054400048237,4.656938095238095,6.0617705891241105,0.8489960373078393
Decision Tree,0.01875,0.2795084971874737,0.9996534669718089,6.345,8.006559810555343,0.7365602798407485
Gradient Boosting,3.722632404265115,4.626939477050936,0.9050396644022572,4.295683222872866,5.571397946616666,0.8724390598460234
Linear Regression,4.266711846071956,5.323050852720514,0.8743172040139593,4.21476314247485,5.393993869732843,0.8804332983749565
XGBRegressor,0.6874666035175323,1.0072816866027385,0.9954995444196413,5.090749998092651,6.5611770899896245,0.8230898008444014
CatBoosting Regressor,2.4151901708550216,3.0513662221354627,0.9587006447072537,4.572185705039553,5.99395149837758,0.8523560006768236
AdaBoost Regressor,4.708103324169607,5.771819363892686,0.8522321123658835,4.67544174558345,5.984093779791138,0.8528412352290679
