Model,MAE_train,RMSE_train,R2_train,MAE_test,RMSE_test,R2_test
Random Forest,1.828883928571429,2.3012241175207073,0.976510572220233,4.677702380952382,6.077775197090781,0.8481976073387024
Decision Tree,0.01875,0.2795084971874737,0.9996534669718089,6.69,8.360621986431392,0.7127457072126717
Gradient Boosting,3.722632404265115,4.626939477050936,0.9050396644022572,4.296658504166054,5.564518796546258,0.8727538709997411
Linear Regression,4.266711846071956,5.323050852720514,0.8743172040139593,4.21476314247485,5.393993869732843,0.8804332983749565
XGBRegressor,0.6874666035175323,1.0072816866027385,0.9954995444196413,5.090749998092651,6.5611770899896245,0.8230898008444014
CatBoosting Regressor,2.4151901708550216,3.0513662221354627,0.9587006447072537,4.572185705039553,5.99395149837758,0.8523560006768236
AdaBoost Regressor,4.774831676112721,5.840532460112685,0.8486928373772744,4.762165945541447,6.076778444188128,0.8482473943292572
